timestamp,username,ip_address,status
2026-02-21 14:10:24.559316,alice,192.168.1.15,success
2026-02-20 20:37:38.559316,charlie,10.0.0.17,success
2026-02-21 05:38:43.559316,charlie,10.0.0.3,success
2026-02-20 19:38:34.559316,bob,10.0.0.12,success
2026-02-21 03:15:02.559316,dave,10.0.0.4,success
2026-02-21 02:50:46.559316,charlie,10.0.0.9,success
2026-02-20 22:39:16.559316,alice,10.0.0.7,success
2026-02-21 03:34:41.559316,bob,10.0.0.9,success
2026-02-21 11:15:09.559316,charlie,10.0.0.8,success
2026-02-21 14:20:24.559316,alice,192.168.1.8,success
2026-02-21 11:47:07.559316,bob,192.168.1.9,fail
2026-02-21 05:11:32.559316,bob,10.0.0.15,success
2026-02-20 20:41:59.559316,dave,192.168.1.14,fail
2026-02-20 16:26:54.559316,charlie,192.168.1.16,success
2026-02-20 18:39:37.559316,charlie,192.168.1.6,success
2026-02-20 21:55:00.559316,bob,192.168.1.12,success
2026-02-20 16:37:42.559316,bob,10.0.0.8,success
2026-02-20 23:23:12.559316,dave,10.0.0.16,success
2026-02-21 03:11:27.559316,alice,10.0.0.7,success
2026-02-20 19:57:47.559316,bob,10.0.0.6,success
2026-02-21 11:40:14.559316,charlie,192.168.1.6,success
2026-02-21 12:18:45.559316,alice,10.0.0.9,success
2026-02-21 03:30:59.559316,charlie,10.0.0.12,success
2026-02-21 05:30:29.559316,bob,10.0.0.5,success
2026-02-21 11:54:19.559316,bob,192.168.1.8,success
2026-02-20 14:56:29.559316,charlie,192.168.1.9,success
2026-02-20 20:41:24.559316,alice,192.168.1.9,success
2026-02-21 13:03:01.559316,charlie,192.168.1.6,success
2026-02-21 07:58:12.559316,alice,10.0.0.10,success
2026-02-20 17:35:27.559316,charlie,10.0.0.4,success
2026-02-21 11:33:25.559316,bob,10.0.0.2,fail
2026-02-21 00:47:09.559316,dave,10.0.0.11,fail
2026-02-21 02:07:06.559316,alice,192.168.1.6,fail
2026-02-20 18:35:24.559316,bob,10.0.0.10,fail
2026-02-20 20:43:33.559316,bob,10.0.0.13,success
2026-02-20 14:53:58.559316,bob,10.0.0.7,success
2026-02-21 00:08:32.559316,dave,10.0.0.5,success
2026-02-20 21:38:50.559316,bob,192.168.1.13,success
2026-02-20 19:16:49.559316,bob,10.0.0.9,success
2026-02-21 05:08:16.559316,charlie,192.168.1.19,success
2026-02-21 09:36:23.559316,bob,10.0.0.17,success
2026-02-21 05:57:34.559316,dave,10.0.0.7,success
2026-02-21 14:21:21.559316,bob,10.0.0.2,success
2026-02-20 23:46:49.559316,bob,10.0.0.14,success
2026-02-20 21:13:54.559316,charlie,10.0.0.4,success
2026-02-21 13:39:07.559316,dave,192.168.1.7,fail
2026-02-21 10:48:35.559316,alice,10.0.0.18,success
2026-02-21 03:09:59.559316,bob,192.168.1.10,success
2026-02-21 00:54:03.559316,dave,192.168.1.6,success
2026-02-21 08:17:48.559316,alice,192.168.1.19,success
2026-02-21 01:34:49.559316,dave,192.168.1.5,success
2026-02-20 16:44:09.559316,charlie,10.0.0.16,success
2026-02-20 23:03:58.559316,dave,10.0.0.12,success
2026-02-20 19:27:24.559316,dave,10.0.0.12,success
2026-02-20 18:09:38.559316,alice,10.0.0.6,fail
2026-02-21 05:53:02.559316,dave,192.168.1.3,fail
2026-02-20 14:51:49.559316,dave,192.168.1.7,fail
2026-02-21 04:57:16.559316,bob,192.168.1.4,success
2026-02-21 04:18:56.559316,dave,10.0.0.13,success
2026-02-21 08:21:25.559316,bob,10.0.0.17,success
2026-02-20 23:52:59.559316,charlie,192.168.1.3,success
2026-02-21 06:23:03.559316,dave,10.0.0.4,success
2026-02-20 21:10:10.559316,alice,10.0.0.9,success
2026-02-21 08:42:16.559316,alice,10.0.0.10,success
2026-02-20 20:30:09.559316,charlie,192.168.1.11,success
2026-02-21 13:55:26.559316,dave,192.168.1.8,success
2026-02-21 13:06:23.559316,bob,192.168.1.4,success
2026-02-21 12:00:21.559316,bob,10.0.0.10,fail
2026-02-20 23:16:07.559316,charlie,192.168.1.4,success
2026-02-20 19:53:34.559316,charlie,192.168.1.19,fail
2026-02-21 06:55:09.559316,bob,192.168.1.6,success
2026-02-21 02:37:05.559316,alice,192.168.1.12,success
2026-02-20 23:26:22.559316,alice,10.0.0.7,success
2026-02-21 02:07:09.559316,alice,10.0.0.9,success
2026-02-21 06:02:32.559316,charlie,192.168.1.6,success
2026-02-21 03:54:38.559316,bob,10.0.0.6,success
2026-02-20 23:49:44.559316,charlie,10.0.0.7,success
2026-02-21 08:35:56.559316,dave,192.168.1.9,success
2026-02-21 12:24:39.559316,charlie,10.0.0.18,success
2026-02-20 16:30:18.559316,charlie,10.0.0.17,success
2026-02-21 00:28:16.559316,charlie,192.168.1.12,fail
2026-02-21 13:44:01.559316,dave,10.0.0.9,success
2026-02-20 20:35:17.559316,bob,192.168.1.13,fail
2026-02-21 13:36:19.559316,alice,192.168.1.17,success
2026-02-20 21:00:10.559316,bob,192.168.1.16,success
2026-02-21 13:54:49.559316,dave,10.0.0.12,fail
2026-02-21 07:30:17.559316,dave,192.168.1.10,success
2026-02-20 16:08:34.559316,bob,10.0.0.3,success
2026-02-20 22:30:26.559316,dave,10.0.0.16,success
2026-02-21 09:50:26.559316,charlie,192.168.1.11,success
2026-02-21 14:27:23.559316,dave,192.168.1.7,success
2026-02-20 21:19:55.559316,charlie,192.168.1.3,success
2026-02-21 11:30:38.559316,bob,192.168.1.13,success
2026-02-20 19:51:58.559316,alice,10.0.0.17,success
2026-02-21 03:23:29.559316,bob,192.168.1.19,success
2026-02-21 04:42:27.559316,alice,10.0.0.7,success
2026-02-21 07:14:27.559316,dave,192.168.1.12,success
2026-02-21 07:38:43.559316,charlie,10.0.0.14,success
2026-02-20 15:16:53.559316,alice,10.0.0.2,success
2026-02-20 17:47:51.559316,bob,192.168.1.17,success
2026-02-21 02:34:57.559316,alice,10.0.0.17,fail
2026-02-21 06:54:21.559316,alice,10.0.0.12,success
2026-02-21 08:43:27.559316,alice,10.0.0.19,success
2026-02-20 22:12:49.559316,dave,192.168.1.14,success
2026-02-21 03:52:22.559316,dave,192.168.1.7,success
2026-02-21 10:20:04.559316,charlie,10.0.0.15,success
2026-02-20 22:27:11.559316,alice,10.0.0.14,success
2026-02-21 10:50:19.559316,charlie,192.168.1.12,success
2026-02-21 07:14:57.559316,dave,192.168.1.14,success
2026-02-20 23:36:25.559316,alice,192.168.1.15,success
2026-02-20 21:23:11.559316,charlie,10.0.0.2,success
2026-02-21 03:21:12.559316,charlie,192.168.1.7,success
2026-02-20 22:31:24.559316,charlie,10.0.0.8,success
2026-02-21 12:21:10.559316,alice,192.168.1.14,success
2026-02-21 06:02:52.559316,dave,192.168.1.5,success
2026-02-21 03:38:02.559316,dave,192.168.1.9,fail
2026-02-21 08:33:44.559316,bob,192.168.1.11,success
2026-02-20 18:01:28.559316,bob,192.168.1.7,success
2026-02-20 15:53:47.559316,charlie,192.168.1.9,success
2026-02-21 03:45:30.559316,alice,10.0.0.8,success
2026-02-20 17:25:19.559316,charlie,10.0.0.9,success
2026-02-20 20:07:58.559316,charlie,10.0.0.18,fail
2026-02-20 21:15:38.559316,alice,192.168.1.18,success
2026-02-21 05:02:45.559316,bob,192.168.1.7,success
2026-02-20 20:50:09.559316,dave,192.168.1.18,fail
2026-02-21 07:24:32.559316,charlie,192.168.1.16,success
2026-02-21 05:49:29.559316,alice,10.0.0.6,success
2026-02-20 19:33:50.559316,bob,192.168.1.12,success
2026-02-21 11:25:18.559316,alice,10.0.0.12,success
2026-02-21 05:51:22.559316,alice,10.0.0.17,fail
2026-02-21 03:59:28.559316,alice,192.168.1.10,success
2026-02-20 23:38:35.559316,dave,192.168.1.2,success
2026-02-20 19:25:54.559316,bob,192.168.1.19,success
2026-02-21 05:20:26.559316,bob,192.168.1.7,success
2026-02-20 18:24:10.559316,charlie,10.0.0.13,fail
2026-02-20 18:25:03.559316,alice,192.168.1.14,success
2026-02-21 09:09:34.559316,charlie,192.168.1.8,success
2026-02-21 03:54:33.559316,alice,192.168.1.9,success
2026-02-20 22:50:23.559316,charlie,192.168.1.9,fail
2026-02-21 12:34:46.559316,dave,192.168.1.19,success
2026-02-21 12:28:32.559316,bob,10.0.0.7,success
2026-02-21 01:32:08.559316,charlie,10.0.0.6,success
2026-02-20 21:58:49.559316,alice,192.168.1.14,fail
2026-02-21 12:50:18.559316,charlie,10.0.0.12,success
2026-02-21 05:38:12.559316,charlie,10.0.0.8,fail
2026-02-21 14:02:36.559316,bob,10.0.0.6,success
2026-02-21 09:22:02.559316,alice,10.0.0.16,success
2026-02-20 22:45:23.559316,charlie,192.168.1.7,success
2026-02-21 04:43:53.559316,charlie,10.0.0.10,success
2026-02-21 10:02:50.559316,charlie,10.0.0.6,fail
2026-02-20 18:26:54.559316,dave,192.168.1.11,success
2026-02-20 18:06:49.559316,dave,10.0.0.17,success
2026-02-20 22:54:57.559316,alice,10.0.0.2,fail
2026-02-21 14:19:49.559316,alice,10.0.0.7,success
2026-02-20 20:45:05.559316,bob,192.168.1.9,success
2026-02-20 18:59:56.559316,bob,10.0.0.3,fail
2026-02-21 09:53:42.559316,dave,192.168.1.6,success
2026-02-20 21:51:21.559316,charlie,192.168.1.19,success
2026-02-20 16:31:04.559316,alice,192.168.1.2,fail
2026-02-21 07:21:53.559316,dave,10.0.0.3,success
2026-02-20 21:26:09.559316,bob,192.168.1.9,success
2026-02-21 09:28:24.559316,alice,192.168.1.5,success
2026-02-20 15:07:40.559316,alice,192.168.1.5,success
2026-02-21 10:03:12.559316,alice,10.0.0.17,success
2026-02-20 16:40:50.559316,dave,10.0.0.13,success
2026-02-21 01:55:42.559316,dave,10.0.0.11,success
2026-02-21 14:21:34.559316,charlie,192.168.1.5,success
2026-02-21 02:52:06.559316,bob,192.168.1.10,success
2026-02-21 01:30:06.559316,dave,192.168.1.4,fail
2026-02-21 07:06:09.559316,alice,192.168.1.7,success
2026-02-20 22:50:45.559316,bob,10.0.0.6,success
2026-02-21 01:40:31.559316,alice,192.168.1.10,success
2026-02-20 23:39:08.559316,dave,10.0.0.12,success
2026-02-20 18:20:46.559316,alice,192.168.1.13,success
2026-02-21 06:14:38.559316,bob,10.0.0.12,fail
2026-02-21 06:22:38.559316,bob,192.168.1.11,success
2026-02-20 19:08:32.559316,alice,192.168.1.10,success
2026-02-21 01:12:00.559316,bob,192.168.1.13,success
2026-02-21 12:39:55.559316,alice,10.0.0.9,success
2026-02-21 04:38:59.559316,alice,10.0.0.15,success
2026-02-20 17:19:51.559316,bob,10.0.0.13,success
2026-02-20 22:20:50.559316,dave,192.168.1.4,success
2026-02-21 09:28:04.559316,alice,10.0.0.14,fail
2026-02-20 23:03:08.559316,bob,10.0.0.13,success
2026-02-21 02:57:50.559316,bob,192.168.1.15,fail
2026-02-20 15:46:33.559316,dave,10.0.0.10,fail
2026-02-21 09:36:04.559316,alice,192.168.1.19,success
2026-02-21 05:54:37.559316,alice,192.168.1.19,fail
2026-02-20 15:41:29.559316,alice,192.168.1.18,success
2026-02-21 13:25:59.559316,dave,10.0.0.7,success
2026-02-21 09:16:55.559316,alice,192.168.1.14,success
2026-02-20 23:35:09.559316,dave,10.0.0.15,success
2026-02-21 08:36:05.559316,bob,192.168.1.18,success
2026-02-21 13:19:32.559316,charlie,10.0.0.16,success
2026-02-20 21:35:57.559316,bob,10.0.0.5,success
2026-02-21 08:44:21.559316,dave,10.0.0.3,fail
2026-02-20 20:15:39.559316,charlie,192.168.1.10,success
2026-02-20 21:41:03.559316,alice,10.0.0.8,success
2026-02-21 14:12:06.559316,alice,10.0.0.13,success
2026-02-21 07:32:06.559316,bob,192.168.1.6,fail
2026-02-21 12:26:50.559316,charlie,10.0.0.12,fail
2026-02-21 07:23:45.559316,bob,192.168.1.4,success
2026-02-21 14:35:01.559316,dave,10.0.0.9,fail
2026-02-20 15:01:33.559316,bob,10.0.0.17,success
2026-02-20 18:31:07.559316,bob,192.168.1.5,success
2026-02-20 19:52:30.559316,dave,10.0.0.3,success
2026-02-20 23:18:32.559316,alice,192.168.1.15,success
2026-02-21 11:19:45.559316,bob,192.168.1.18,success
2026-02-21 08:43:16.559316,bob,192.168.1.4,success
2026-02-20 15:53:39.559316,bob,10.0.0.8,success
2026-02-20 23:17:43.559316,dave,10.0.0.2,fail
2026-02-21 04:45:59.559316,dave,10.0.0.16,fail
2026-02-21 14:39:44.559316,bob,192.168.1.5,success
2026-02-20 20:56:06.559316,dave,10.0.0.9,success
2026-02-21 01:23:23.559316,dave,10.0.0.8,success
2026-02-20 17:53:16.559316,bob,192.168.1.15,fail
2026-02-21 05:47:36.559316,dave,192.168.1.6,success
2026-02-21 02:40:59.559316,alice,10.0.0.14,success
2026-02-20 20:10:02.559316,alice,192.168.1.14,success
2026-02-21 08:25:22.559316,bob,192.168.1.3,success
2026-02-21 12:48:35.559316,alice,192.168.1.6,success
2026-02-21 05:59:58.559316,dave,10.0.0.15,success
2026-02-20 17:10:53.559316,charlie,192.168.1.5,success
2026-02-21 10:15:21.559316,bob,10.0.0.18,success
2026-02-20 22:33:03.559316,alice,10.0.0.10,success
2026-02-21 14:02:26.559316,dave,10.0.0.4,success
2026-02-20 20:22:32.559316,bob,10.0.0.19,success
2026-02-21 00:28:39.559316,alice,192.168.1.7,success
2026-02-21 02:06:37.559316,dave,192.168.1.3,success
2026-02-21 14:02:00.559316,bob,192.168.1.15,success
2026-02-21 10:01:23.559316,alice,10.0.0.5,fail
2026-02-21 04:15:38.559316,charlie,192.168.1.6,success
2026-02-20 15:42:27.559316,bob,192.168.1.18,success
2026-02-20 19:22:35.559316,bob,192.168.1.17,success
2026-02-20 19:08:16.559316,bob,10.0.0.3,success
2026-02-20 18:24:45.559316,alice,10.0.0.2,success
2026-02-21 09:26:15.559316,alice,10.0.0.2,success
2026-02-20 21:32:31.559316,charlie,10.0.0.12,success
2026-02-20 17:45:24.559316,bob,10.0.0.2,success
2026-02-20 17:04:58.559316,dave,192.168.1.14,success
2026-02-21 00:56:40.559316,bob,192.168.1.3,success
2026-02-21 06:16:21.559316,bob,10.0.0.8,fail
2026-02-21 12:09:24.559316,bob,192.168.1.4,success
2026-02-20 18:37:18.559316,bob,192.168.1.14,success
2026-02-21 08:29:22.559316,dave,10.0.0.10,fail
2026-02-21 00:32:32.559316,alice,10.0.0.3,success
2026-02-21 08:23:35.559316,charlie,192.168.1.12,success
2026-02-21 13:40:02.559316,charlie,192.168.1.9,fail
2026-02-20 22:07:10.559316,bob,10.0.0.4,success
2026-02-20 14:59:47.559316,alice,10.0.0.9,success
2026-02-21 01:23:11.559316,alice,10.0.0.2,success
2026-02-20 16:18:03.559316,bob,10.0.0.3,success
2026-02-21 09:40:53.559316,alice,192.168.1.9,fail
2026-02-21 14:16:27.559316,bob,10.0.0.10,fail
2026-02-20 20:43:12.559316,bob,10.0.0.17,success
2026-02-21 02:15:36.559316,charlie,10.0.0.7,success
2026-02-21 12:32:16.559316,charlie,10.0.0.2,success
2026-02-20 15:03:23.559316,dave,192.168.1.17,success
2026-02-20 18:55:06.559316,charlie,192.168.1.2,success
2026-02-21 14:15:15.559316,bob,10.0.0.8,success
2026-02-20 18:58:27.559316,bob,192.168.1.6,success
2026-02-21 08:07:36.559316,bob,192.168.1.5,fail
2026-02-20 15:21:19.559316,dave,192.168.1.9,success
2026-02-21 12:06:28.559316,alice,192.168.1.6,success
2026-02-20 18:32:30.559316,dave,192.168.1.19,fail
2026-02-20 19:00:53.559316,dave,192.168.1.5,success
2026-02-21 01:39:45.559316,dave,10.0.0.14,fail
2026-02-21 06:48:45.559316,alice,192.168.1.3,success
2026-02-21 02:34:40.559316,alice,10.0.0.14,success
2026-02-21 02:01:09.559316,charlie,192.168.1.13,success
2026-02-21 14:14:59.559316,charlie,192.168.1.10,success
2026-02-21 10:36:18.559316,alice,10.0.0.19,success
2026-02-21 00:12:17.559316,charlie,10.0.0.19,fail
2026-02-21 00:09:56.559316,bob,192.168.1.18,fail
2026-02-21 12:03:43.559316,charlie,10.0.0.5,success
2026-02-21 06:41:29.559316,alice,10.0.0.10,fail
2026-02-20 20:15:49.559316,bob,192.168.1.4,success
2026-02-21 09:47:47.559316,bob,10.0.0.9,success
2026-02-20 15:11:54.559316,dave,10.0.0.5,success
2026-02-21 09:26:33.559316,alice,10.0.0.3,success
2026-02-20 18:00:22.559316,dave,192.168.1.14,success
2026-02-21 13:54:28.559316,alice,10.0.0.6,success
2026-02-21 01:43:21.559316,dave,10.0.0.19,success
2026-02-21 02:57:15.559316,bob,192.168.1.11,success
2026-02-21 03:27:12.559316,alice,10.0.0.6,success
2026-02-21 03:07:02.559316,alice,10.0.0.7,success
2026-02-21 06:04:39.559316,bob,10.0.0.15,success
2026-02-20 17:35:15.559316,alice,10.0.0.8,success
2026-02-21 12:19:34.559316,dave,10.0.0.11,success
2026-02-21 03:01:24.559316,alice,192.168.1.4,success
2026-02-21 02:28:53.559316,charlie,10.0.0.4,success
2026-02-20 22:46:23.559316,dave,192.168.1.10,fail
2026-02-21 09:52:03.559316,charlie,192.168.1.10,success
2026-02-21 07:01:38.559316,charlie,192.168.1.10,fail
2026-02-21 09:42:01.559316,charlie,10.0.0.8,success
2026-02-21 03:44:51.559316,charlie,10.0.0.9,success
2026-02-21 01:50:26.559316,charlie,10.0.0.5,success
2026-02-21 05:28:25.559316,charlie,10.0.0.9,success
2026-02-20 21:54:38.559316,alice,10.0.0.5,success
2026-02-21 02:52:27.559316,alice,192.168.1.8,success
2026-02-20 20:08:25.559316,bob,192.168.1.14,success
2026-02-20 17:07:46.559316,alice,10.0.0.9,fail
2026-02-21 10:37:09.559316,dave,10.0.0.5,success
2026-02-21 09:18:44.559316,dave,192.168.1.15,success
2026-02-21 04:15:59.559316,dave,192.168.1.12,success
2026-02-20 16:55:59.559316,dave,10.0.0.5,success
2026-02-21 14:26:17.559316,alice,192.168.1.6,fail
2026-02-20 21:39:04.559316,charlie,10.0.0.6,success
2026-02-21 07:54:18.559316,dave,10.0.0.18,success
2026-02-20 23:16:03.559316,charlie,10.0.0.8,success
2026-02-21 06:43:50.559316,alice,192.168.1.5,success
2026-02-20 20:22:49.559316,dave,10.0.0.2,fail
2026-02-21 10:44:42.559316,alice,10.0.0.19,success
2026-02-20 23:21:48.559316,bob,192.168.1.16,fail
2026-02-20 23:25:49.559316,bob,192.168.1.14,success
2026-02-21 01:41:44.559316,charlie,192.168.1.2,success
2026-02-21 12:36:26.559316,charlie,10.0.0.15,success
2026-02-21 14:21:54.559316,charlie,10.0.0.10,success
2026-02-21 11:28:51.559316,dave,10.0.0.19,success
2026-02-21 13:53:59.559316,alice,10.0.0.12,success
2026-02-21 00:20:16.559316,dave,192.168.1.7,success
2026-02-21 11:59:11.559316,bob,192.168.1.14,success
2026-02-21 11:29:07.559316,alice,192.168.1.19,success
2026-02-21 06:11:14.559316,bob,10.0.0.14,success
2026-02-21 09:25:47.559316,dave,192.168.1.8,success
2026-02-20 17:24:26.559316,bob,10.0.0.2,success
2026-02-20 20:48:55.559316,bob,10.0.0.8,fail
2026-02-21 12:16:41.559316,dave,192.168.1.11,fail
2026-02-21 04:16:52.559316,charlie,10.0.0.4,fail
2026-02-20 21:42:00.559316,charlie,10.0.0.8,success
2026-02-21 06:23:52.559316,bob,192.168.1.5,success
2026-02-20 16:51:32.559316,dave,192.168.1.10,success
2026-02-21 10:58:42.559316,alice,192.168.1.19,success
2026-02-21 06:50:39.559316,charlie,10.0.0.17,fail
2026-02-21 10:02:52.559316,alice,10.0.0.12,success
2026-02-21 02:44:40.559316,charlie,192.168.1.18,success
2026-02-20 16:17:17.559316,dave,10.0.0.12,success
2026-02-21 08:39:51.559316,alice,10.0.0.11,success
2026-02-21 03:38:41.559316,dave,192.168.1.11,success
2026-02-20 18:20:37.559316,charlie,192.168.1.18,success
2026-02-21 01:33:54.559316,alice,192.168.1.17,success
2026-02-20 21:19:37.559316,charlie,192.168.1.5,fail
2026-02-21 06:41:15.559316,charlie,10.0.0.5,success
2026-02-21 10:15:22.559316,alice,10.0.0.5,success
2026-02-21 06:00:13.559316,charlie,192.168.1.5,fail
2026-02-20 22:30:31.559316,alice,10.0.0.13,success
2026-02-21 13:27:53.559316,dave,192.168.1.2,success
2026-02-21 13:24:05.559316,dave,10.0.0.2,success
2026-02-20 15:46:26.559316,alice,10.0.0.11,fail
2026-02-21 08:33:59.559316,charlie,10.0.0.7,success
2026-02-21 10:19:58.559316,alice,10.0.0.5,success
2026-02-20 22:31:23.559316,charlie,10.0.0.14,success
2026-02-21 05:08:26.559316,charlie,10.0.0.15,fail
2026-02-21 03:06:35.559316,bob,192.168.1.8,fail
2026-02-21 10:53:00.559316,bob,192.168.1.10,success
2026-02-20 17:57:35.559316,dave,192.168.1.3,fail
2026-02-20 22:20:21.559316,charlie,10.0.0.17,success
2026-02-20 17:19:02.559316,charlie,10.0.0.19,success
2026-02-21 03:25:56.559316,alice,192.168.1.7,success
2026-02-20 18:55:05.559316,alice,192.168.1.11,success
2026-02-20 23:49:50.559316,alice,192.168.1.17,success
2026-02-21 03:40:39.559316,charlie,10.0.0.3,success
2026-02-21 11:20:48.559316,alice,192.168.1.6,success
2026-02-21 03:07:28.559316,bob,10.0.0.17,success
2026-02-21 12:59:04.559316,dave,192.168.1.4,success
2026-02-20 20:51:26.559316,dave,192.168.1.10,success
2026-02-20 22:09:12.559316,dave,192.168.1.10,fail
2026-02-21 10:01:34.559316,dave,10.0.0.13,success
2026-02-20 17:48:22.559316,charlie,192.168.1.9,success
2026-02-21 10:15:18.559316,charlie,192.168.1.8,success
2026-02-21 13:45:14.559316,dave,192.168.1.12,success
2026-02-20 23:42:34.559316,dave,10.0.0.6,success
2026-02-20 18:49:25.559316,alice,10.0.0.10,fail
2026-02-21 05:24:00.559316,dave,10.0.0.19,success
2026-02-20 14:51:50.559316,charlie,10.0.0.11,fail
2026-02-21 04:59:29.559316,bob,192.168.1.12,success
2026-02-20 22:39:07.559316,dave,192.168.1.7,fail
2026-02-20 23:16:02.559316,charlie,192.168.1.14,success
2026-02-21 09:56:49.559316,charlie,10.0.0.13,success
2026-02-21 02:36:34.559316,bob,192.168.1.2,success
2026-02-21 00:43:52.559316,alice,192.168.1.2,success
2026-02-20 20:40:31.559316,dave,192.168.1.9,success
2026-02-21 02:29:41.559316,charlie,10.0.0.3,success
2026-02-21 04:57:31.559316,charlie,192.168.1.13,fail
2026-02-20 18:23:55.559316,dave,192.168.1.5,success
2026-02-20 23:22:34.559316,bob,10.0.0.8,success
2026-02-21 13:56:35.559316,alice,192.168.1.15,success
2026-02-20 17:19:18.559316,bob,192.168.1.13,success
2026-02-20 16:47:12.559316,charlie,192.168.1.5,success
2026-02-20 14:59:20.559316,bob,10.0.0.2,success
2026-02-20 16:28:29.559316,alice,10.0.0.18,success
2026-02-21 07:23:17.559316,charlie,192.168.1.9,fail
2026-02-20 21:12:48.559316,charlie,192.168.1.3,success
2026-02-21 09:43:03.559316,bob,192.168.1.5,fail
2026-02-21 01:17:04.559316,alice,192.168.1.5,fail
2026-02-20 20:16:09.559316,charlie,10.0.0.13,success
2026-02-20 22:33:15.559316,charlie,10.0.0.2,success
2026-02-21 08:19:11.559316,dave,192.168.1.2,success
2026-02-21 14:19:32.559316,bob,10.0.0.8,success
2026-02-21 13:00:47.559316,alice,192.168.1.16,success
2026-02-20 16:17:24.559316,bob,10.0.0.18,fail
2026-02-20 15:28:11.559316,bob,10.0.0.12,success
2026-02-21 01:40:39.559316,alice,192.168.1.16,fail
2026-02-21 11:30:00.559316,bob,192.168.1.13,success
2026-02-21 14:30:02.559316,charlie,192.168.1.11,success
2026-02-21 01:42:33.559316,dave,192.168.1.6,success
2026-02-21 02:13:49.559316,dave,10.0.0.19,fail
2026-02-21 13:23:01.559316,alice,192.168.1.10,fail
2026-02-21 06:22:20.559316,alice,10.0.0.11,success
2026-02-21 01:17:15.559316,bob,10.0.0.8,success
2026-02-21 11:52:05.559316,bob,10.0.0.9,fail
2026-02-21 13:08:31.559316,charlie,192.168.1.3,fail
2026-02-21 02:55:17.559316,bob,192.168.1.11,success
2026-02-20 15:30:17.559316,bob,10.0.0.3,success
2026-02-20 22:43:06.559316,bob,10.0.0.19,fail
2026-02-21 08:44:21.559316,bob,192.168.1.7,success
2026-02-21 07:25:55.559316,charlie,192.168.1.5,success
2026-02-21 09:51:19.559316,charlie,10.0.0.15,success
2026-02-21 00:32:36.559316,alice,10.0.0.14,success
2026-02-20 16:54:59.559316,dave,192.168.1.8,success
2026-02-21 09:15:19.559316,alice,10.0.0.8,success
2026-02-21 14:00:10.559316,alice,10.0.0.10,success
2026-02-21 03:49:12.559316,alice,10.0.0.10,success
2026-02-20 15:36:10.559316,bob,192.168.1.17,success
2026-02-20 20:20:36.559316,alice,10.0.0.7,success
2026-02-21 12:32:58.559316,bob,192.168.1.18,success
2026-02-21 04:48:12.559316,alice,192.168.1.11,success
2026-02-21 07:23:09.559316,alice,192.168.1.12,success
2026-02-20 22:04:18.559316,charlie,10.0.0.3,success
2026-02-20 23:36:32.559316,dave,192.168.1.3,fail
2026-02-21 07:04:20.559316,alice,192.168.1.16,success
2026-02-21 01:36:01.559316,alice,192.168.1.18,success
2026-02-20 17:38:43.559316,dave,10.0.0.17,fail
2026-02-21 14:10:27.559316,dave,10.0.0.12,success
2026-02-20 18:54:18.559316,bob,10.0.0.6,success
2026-02-20 23:20:10.559316,charlie,192.168.1.9,success
2026-02-20 21:08:41.559316,dave,192.168.1.18,success
2026-02-21 05:35:44.559316,dave,10.0.0.3,success
2026-02-21 08:16:03.559316,bob,192.168.1.6,success
2026-02-21 14:22:42.559316,charlie,192.168.1.9,fail
2026-02-21 06:28:03.559316,alice,192.168.1.2,success
2026-02-20 22:47:35.559316,charlie,192.168.1.10,success
2026-02-20 17:58:08.559316,charlie,192.168.1.9,fail
2026-02-21 12:37:23.559316,charlie,192.168.1.18,success
2026-02-21 12:20:52.559316,alice,192.168.1.19,success
2026-02-21 13:21:46.559316,dave,10.0.0.19,success
2026-02-21 11:37:11.559316,alice,10.0.0.13,success
2026-02-20 22:27:38.559316,charlie,10.0.0.14,success
2026-02-21 12:21:27.559316,bob,192.168.1.11,success
2026-02-21 11:58:59.559316,bob,10.0.0.5,fail
2026-02-21 05:24:26.559316,bob,10.0.0.5,success
2026-02-21 12:34:13.559316,dave,192.168.1.9,success
2026-02-21 05:11:05.559316,dave,10.0.0.2,success
2026-02-20 20:17:26.559316,charlie,192.168.1.7,success
2026-02-20 17:41:28.559316,dave,192.168.1.13,success
2026-02-20 23:59:30.559316,alice,192.168.1.5,success
2026-02-21 03:42:30.559316,alice,192.168.1.9,fail
2026-02-20 21:13:49.559316,alice,192.168.1.14,success
2026-02-21 02:38:00.559316,dave,10.0.0.3,success
2026-02-21 10:22:01.559316,bob,192.168.1.7,success
2026-02-20 16:03:18.559316,alice,10.0.0.10,success
2026-02-20 19:29:41.559316,bob,10.0.0.11,success
2026-02-21 06:30:46.559316,charlie,192.168.1.18,success
2026-02-20 22:59:51.559316,bob,192.168.1.17,success
2026-02-21 08:54:54.559316,alice,10.0.0.18,fail
2026-02-21 11:26:12.559316,bob,192.168.1.6,success
2026-02-20 19:14:31.559316,dave,192.168.1.6,success
2026-02-21 04:14:50.559316,dave,10.0.0.6,success
2026-02-20 19:55:14.559316,alice,10.0.0.11,success
2026-02-21 10:00:43.559316,dave,10.0.0.14,fail
2026-02-20 15:02:15.559316,charlie,192.168.1.2,fail
2026-02-21 09:38:55.559316,dave,10.0.0.13,success
2026-02-21 09:15:27.559316,bob,192.168.1.19,fail
2026-02-21 07:27:58.559316,dave,10.0.0.8,success
2026-02-20 21:12:24.559316,bob,192.168.1.16,success
2026-02-20 22:14:17.559316,bob,192.168.1.18,success
2026-02-21 02:50:31.559316,charlie,192.168.1.10,success
2026-02-20 15:15:01.559316,bob,192.168.1.16,success
2026-02-20 18:18:59.559316,charlie,192.168.1.14,success
2026-02-21 12:29:25.559316,alice,192.168.1.13,success
2026-02-21 01:10:11.559316,charlie,192.168.1.6,success
2026-02-21 05:25:23.559316,dave,10.0.0.12,success
2026-02-21 09:18:01.559316,bob,192.168.1.12,success
2026-02-20 17:08:58.559316,bob,192.168.1.7,success
2026-02-20 19:49:34.559316,alice,10.0.0.11,success
2026-02-21 01:05:37.559316,dave,10.0.0.7,success
2026-02-21 06:26:57.559316,bob,192.168.1.4,success
2026-02-20 20:14:50.559316,alice,192.168.1.13,success
2026-02-21 04:47:56.559316,charlie,192.168.1.3,success
2026-02-21 05:11:55.559316,alice,192.168.1.10,success
2026-02-20 19:57:45.559316,charlie,192.168.1.4,success
2026-02-20 17:41:21.559316,dave,192.168.1.14,success
2026-02-21 00:47:16.559316,dave,10.0.0.6,success
2026-02-20 23:50:56.559316,dave,10.0.0.8,success
2026-02-20 22:11:35.559316,charlie,10.0.0.11,success
2026-02-21 11:31:37.559316,alice,192.168.1.19,success
2026-02-21 01:12:23.559316,charlie,192.168.1.18,success
2026-02-21 10:23:39.559316,charlie,192.168.1.17,success
2026-02-20 17:20:34.559316,alice,10.0.0.12,success
2026-02-20 16:46:40.559316,charlie,192.168.1.9,success
2026-02-21 12:08:33.559316,charlie,192.168.1.17,success
2026-02-20 15:07:49.559316,charlie,192.168.1.11,success
2026-02-21 09:32:40.559316,alice,10.0.0.18,success
2026-02-21 01:29:39.559316,alice,192.168.1.14,fail
2026-02-21 10:18:41.559316,bob,192.168.1.17,fail
2026-02-21 06:12:16.559316,dave,192.168.1.15,success
2026-02-21 06:01:28.559316,bob,10.0.0.10,success
2026-02-20 19:45:46.559316,dave,192.168.1.8,success
2026-02-20 15:56:17.559316,bob,192.168.1.3,success
2026-02-20 23:51:58.559316,alice,10.0.0.2,success
2026-02-21 09:58:40.559316,dave,10.0.0.4,success
2026-02-20 19:52:38.559316,bob,10.0.0.16,success
2026-02-21 00:40:14.559316,dave,10.0.0.8,success
2026-02-21 06:12:35.559316,bob,10.0.0.4,success
2026-02-20 19:23:20.559316,charlie,192.168.1.8,success
2026-02-21 13:46:10.559316,alice,10.0.0.13,success
2026-02-21 08:53:40.559316,dave,10.0.0.5,success
2026-02-21 03:33:56.559316,charlie,10.0.0.19,success
2026-02-20 18:56:12.559316,alice,10.0.0.2,success
2026-02-21 14:47:19.559316,bob,10.0.0.16,success
2026-02-20 20:15:43.559316,bob,192.168.1.2,success
2026-02-21 10:22:38.559316,charlie,10.0.0.9,success
2026-02-20 16:09:51.559316,alice,10.0.0.4,fail
2026-02-21 08:42:11.559316,alice,10.0.0.19,success
2026-02-21 12:23:49.559316,dave,192.168.1.2,success
2026-02-20 19:45:48.559316,charlie,192.168.1.15,success
2026-02-20 21:43:19.559316,charlie,192.168.1.3,success
2026-02-20 23:50:04.559316,bob,192.168.1.8,success
2026-02-20 16:22:03.559316,alice,192.168.1.18,success
2026-02-21 03:14:01.559316,dave,10.0.0.12,success
2026-02-21 04:13:41.559316,dave,192.168.1.4,fail
2026-02-21 10:54:39.559316,charlie,10.0.0.13,success
2026-02-20 22:05:09.559316,charlie,10.0.0.18,success
2026-02-21 12:36:38.559316,dave,192.168.1.10,success
2026-02-21 04:44:59.559316,bob,192.168.1.16,success
2026-02-21 09:49:57.559316,bob,10.0.0.10,success
2026-02-20 15:42:00.559316,dave,10.0.0.7,success
2026-02-21 13:08:54.559316,charlie,10.0.0.15,success
2026-02-21 12:01:40.559316,dave,10.0.0.4,fail
2026-02-21 11:56:53.559316,alice,192.168.1.9,success
2026-02-20 16:41:13.559316,alice,192.168.1.10,fail
2026-02-21 11:58:55.559316,alice,192.168.1.13,success
2026-02-21 13:51:45.559316,alice,10.0.0.5,success
2026-02-21 07:23:25.559316,bob,10.0.0.6,success
2026-02-21 14:48:20.559316,dave,192.168.1.13,success
2026-02-21 05:47:43.559316,charlie,10.0.0.10,success
2026-02-21 00:01:55.559316,charlie,192.168.1.18,success
2026-02-20 17:19:50.559316,alice,192.168.1.3,success
2026-02-20 20:59:24.559316,alice,10.0.0.16,success
2026-02-20 20:20:46.559316,charlie,192.168.1.15,success
2026-02-20 17:56:49.559316,charlie,192.168.1.8,success
2026-02-20 20:08:59.559316,alice,10.0.0.10,success
2026-02-20 23:32:00.559316,alice,192.168.1.5,success
2026-02-21 13:54:13.559316,dave,192.168.1.15,success
2026-02-20 19:01:15.559316,charlie,10.0.0.14,fail
2026-02-21 13:39:53.559316,bob,192.168.1.9,fail
2026-02-21 05:04:13.559316,alice,192.168.1.11,success
2026-02-21 02:27:49.559316,charlie,192.168.1.5,success
2026-02-20 20:14:28.559316,bob,10.0.0.17,success
2026-02-21 07:18:26.559316,bob,192.168.1.13,success
2026-02-21 02:20:35.559316,charlie,192.168.1.2,fail
2026-02-21 12:12:59.559316,bob,10.0.0.9,success
2026-02-21 02:10:21.559316,bob,192.168.1.17,fail
2026-02-21 11:33:23.559316,charlie,10.0.0.3,success
2026-02-21 08:47:15.559316,alice,10.0.0.4,fail
2026-02-21 12:50:13.559316,charlie,10.0.0.7,success
2026-02-20 17:07:56.559316,bob,10.0.0.14,success
2026-02-20 18:57:33.559316,charlie,10.0.0.16,success
2026-02-21 13:25:27.559316,dave,192.168.1.10,success
2026-02-21 11:11:59.559316,charlie,10.0.0.14,success
2026-02-20 19:54:51.559316,bob,192.168.1.18,success
2026-02-21 02:08:35.559316,dave,10.0.0.2,success
2026-02-21 13:37:07.559316,dave,192.168.1.11,success
2026-02-21 00:45:21.559316,bob,10.0.0.9,success
2026-02-20 21:56:28.559316,dave,192.168.1.12,success
2026-02-21 02:09:58.559316,dave,10.0.0.14,success
2026-02-21 11:42:49.559316,bob,192.168.1.2,success
2026-02-21 12:28:18.559316,dave,10.0.0.13,fail
2026-02-21 14:43:56.559316,dave,10.0.0.13,fail
2026-02-20 20:23:28.559316,dave,192.168.1.10,fail
2026-02-21 01:06:29.559316,bob,10.0.0.5,success
2026-02-20 14:59:18.559316,bob,192.168.1.10,success
2026-02-20 17:56:51.559316,charlie,10.0.0.5,fail
2026-02-21 03:24:10.559316,bob,192.168.1.3,success
2026-02-21 03:19:07.559316,charlie,192.168.1.15,success
2026-02-20 19:26:11.559316,dave,192.168.1.10,success
2026-02-21 00:05:42.559316,dave,10.0.0.9,success
2026-02-21 13:25:08.559316,dave,192.168.1.15,success
2026-02-20 22:07:52.559316,charlie,192.168.1.16,success
2026-02-21 05:36:56.559316,alice,10.0.0.13,fail
2026-02-21 09:22:30.559316,alice,10.0.0.13,success
2026-02-20 21:52:27.559316,charlie,10.0.0.15,success
2026-02-21 00:58:27.559316,charlie,192.168.1.4,fail
2026-02-21 09:14:08.559316,alice,10.0.0.13,success
2026-02-21 10:06:31.559316,dave,192.168.1.2,fail
2026-02-21 11:38:38.559316,alice,192.168.1.11,success
2026-02-20 23:38:43.559316,charlie,192.168.1.19,success
2026-02-20 17:01:17.559316,dave,192.168.1.12,fail
2026-02-21 13:46:22.559316,dave,192.168.1.7,fail
2026-02-20 23:27:51.559316,dave,10.0.0.12,success
2026-02-21 01:32:24.559316,charlie,10.0.0.14,success
2026-02-21 10:10:00.559316,charlie,192.168.1.18,success
2026-02-20 15:01:56.559316,bob,192.168.1.12,success
2026-02-21 12:20:32.559316,alice,192.168.1.5,success
2026-02-20 16:36:35.559316,bob,192.168.1.18,success
2026-02-20 21:13:59.559316,charlie,192.168.1.16,fail
2026-02-21 08:37:10.559316,charlie,192.168.1.19,success
2026-02-21 05:09:10.559316,dave,10.0.0.12,success
2026-02-20 20:18:27.559316,alice,10.0.0.18,success
2026-02-21 07:08:48.559316,dave,10.0.0.15,fail
2026-02-20 16:21:16.559316,charlie,10.0.0.7,success
2026-02-20 23:36:59.559316,charlie,10.0.0.13,success
2026-02-21 04:24:27.559316,bob,10.0.0.11,success
2026-02-21 01:30:25.559316,charlie,192.168.1.13,success
2026-02-21 07:33:01.559316,charlie,192.168.1.3,success
2026-02-20 23:11:47.559316,alice,10.0.0.13,success
2026-02-21 13:33:57.559316,dave,10.0.0.11,success
2026-02-20 14:53:06.559316,bob,192.168.1.7,success
2026-02-20 21:01:33.559316,charlie,192.168.1.9,fail
2026-02-20 22:52:59.559316,dave,10.0.0.6,success
2026-02-21 10:09:16.559316,charlie,10.0.0.2,success
2026-02-21 12:02:22.559316,bob,10.0.0.14,success
2026-02-21 02:29:33.559316,dave,10.0.0.18,success
2026-02-20 17:51:46.559316,bob,192.168.1.6,success
2026-02-21 05:14:22.559316,dave,10.0.0.9,success
2026-02-21 07:32:21.559316,alice,192.168.1.10,success
2026-02-20 14:58:55.559316,alice,10.0.0.14,success
2026-02-21 01:26:00.559316,charlie,192.168.1.3,fail
2026-02-21 04:39:54.559316,alice,192.168.1.16,fail
2026-02-20 22:14:30.559316,alice,10.0.0.4,success
2026-02-21 13:39:55.559316,bob,192.168.1.12,success
2026-02-20 17:06:21.559316,dave,192.168.1.6,success
2026-02-21 05:39:44.559316,charlie,10.0.0.17,success
2026-02-21 12:33:33.559316,charlie,10.0.0.8,success
2026-02-21 07:58:27.559316,alice,192.168.1.12,success
2026-02-21 04:04:05.559316,charlie,10.0.0.2,success
2026-02-21 05:18:04.559316,bob,192.168.1.8,success
2026-02-20 16:48:44.559316,bob,192.168.1.10,success
2026-02-21 00:29:01.559316,alice,192.168.1.12,success
2026-02-20 21:23:11.559316,dave,10.0.0.16,success
2026-02-21 02:54:29.559316,charlie,192.168.1.4,success
2026-02-20 15:18:10.559316,bob,192.168.1.12,fail
2026-02-20 23:41:58.559316,alice,10.0.0.6,success
2026-02-21 12:04:03.559316,bob,10.0.0.15,success
2026-02-21 06:04:46.559316,bob,192.168.1.13,success
2026-02-20 19:34:53.559316,alice,192.168.1.17,fail
2026-02-21 07:48:22.559316,charlie,192.168.1.18,success
2026-02-20 18:55:00.559316,alice,192.168.1.16,success
2026-02-21 05:02:34.559316,alice,10.0.0.19,success
2026-02-20 19:53:38.559316,charlie,10.0.0.6,success
2026-02-21 06:30:48.559316,dave,192.168.1.12,success
2026-02-21 03:14:04.559316,bob,10.0.0.13,fail
2026-02-20 19:55:40.559316,dave,192.168.1.15,success
2026-02-20 23:11:56.559316,alice,192.168.1.5,fail
2026-02-21 08:18:44.559316,dave,10.0.0.9,success
2026-02-21 00:55:40.559316,charlie,10.0.0.17,success
2026-02-20 17:33:38.559316,bob,10.0.0.5,success
2026-02-20 21:15:42.559316,alice,192.168.1.2,success
2026-02-20 23:58:14.559316,alice,10.0.0.8,success
2026-02-21 02:22:56.559316,alice,10.0.0.19,success
2026-02-21 05:16:28.559316,dave,10.0.0.12,success
2026-02-20 21:59:37.559316,charlie,192.168.1.2,fail
2026-02-20 17:29:58.559316,dave,192.168.1.17,success
2026-02-21 11:56:29.559316,charlie,10.0.0.15,fail
2026-02-20 16:36:10.559316,alice,192.168.1.13,fail
2026-02-21 14:40:16.559316,alice,192.168.1.13,success
2026-02-21 05:23:56.559316,dave,192.168.1.10,success
2026-02-20 22:54:13.559316,bob,192.168.1.17,success
2026-02-21 08:36:41.559316,bob,192.168.1.15,success
2026-02-21 14:06:02.559316,bob,10.0.0.3,success
2026-02-20 14:54:18.559316,charlie,10.0.0.17,success
2026-02-21 04:28:47.559316,charlie,10.0.0.5,success
2026-02-21 03:01:20.559316,dave,192.168.1.4,success
2026-02-21 07:01:20.559316,dave,10.0.0.15,success
2026-02-20 21:38:07.559316,alice,192.168.1.5,success
2026-02-21 12:03:15.559316,dave,10.0.0.11,fail
2026-02-21 07:16:29.559316,dave,192.168.1.4,success
2026-02-20 21:41:55.559316,alice,10.0.0.15,success
2026-02-21 03:48:45.559316,bob,192.168.1.15,fail
2026-02-21 03:36:21.559316,dave,10.0.0.15,fail
2026-02-20 20:10:19.559316,bob,192.168.1.19,success
2026-02-20 22:00:00.559316,dave,192.168.1.13,fail
2026-02-20 22:04:58.559316,bob,10.0.0.12,success
2026-02-20 17:01:34.559316,charlie,192.168.1.11,success
2026-02-21 11:36:35.559316,charlie,192.168.1.8,success
2026-02-20 19:18:52.559316,dave,10.0.0.13,success
2026-02-21 13:58:01.559316,bob,10.0.0.5,success
2026-02-21 13:05:07.559316,alice,192.168.1.15,success
2026-02-21 10:45:47.559316,alice,10.0.0.7,fail
2026-02-21 08:16:57.559316,charlie,192.168.1.11,success
2026-02-21 01:18:55.559316,dave,10.0.0.4,success
2026-02-21 04:01:43.559316,alice,192.168.1.9,fail
2026-02-21 12:44:22.559316,dave,10.0.0.14,success
2026-02-20 23:50:00.559316,alice,192.168.1.5,success
2026-02-21 04:29:44.559316,bob,10.0.0.3,success
2026-02-20 16:08:13.559316,charlie,192.168.1.7,success
2026-02-21 13:21:39.559316,alice,192.168.1.7,fail
2026-02-21 07:19:23.559316,alice,10.0.0.17,fail
2026-02-20 16:29:33.559316,charlie,192.168.1.2,fail
2026-02-21 07:36:12.559316,charlie,192.168.1.12,success
2026-02-21 10:21:30.559316,dave,192.168.1.16,fail
2026-02-20 20:52:51.559316,bob,192.168.1.8,success
2026-02-21 06:14:53.559316,bob,192.168.1.16,success
2026-02-21 14:46:55.559316,dave,192.168.1.2,success
2026-02-20 23:01:52.559316,charlie,10.0.0.12,success
2026-02-20 18:22:29.559316,alice,192.168.1.6,success
2026-02-21 10:05:06.559316,charlie,192.168.1.5,success
2026-02-20 17:22:48.559316,alice,192.168.1.5,success
2026-02-20 23:09:44.559316,alice,192.168.1.2,success
2026-02-20 16:25:34.559316,bob,192.168.1.6,success
2026-02-20 16:02:43.559316,dave,10.0.0.6,fail
2026-02-20 17:05:43.559316,bob,192.168.1.4,fail
2026-02-21 05:52:06.559316,dave,192.168.1.18,fail
2026-02-20 19:47:20.559316,alice,10.0.0.17,success
2026-02-21 06:34:46.559316,bob,10.0.0.19,success
2026-02-20 19:02:55.559316,dave,192.168.1.4,success
2026-02-21 00:13:56.559316,dave,10.0.0.16,success
2026-02-20 21:37:22.559316,bob,10.0.0.5,success
2026-02-21 14:35:12.559316,charlie,192.168.1.3,success
2026-02-21 10:36:29.559316,bob,10.0.0.6,success
2026-02-20 14:52:43.559316,alice,10.0.0.17,success
2026-02-20 19:10:17.559316,charlie,10.0.0.13,success
2026-02-21 14:49:09.559316,alice,10.0.0.17,fail
2026-02-21 14:20:39.559316,alice,10.0.0.18,success
2026-02-20 22:24:55.559316,bob,10.0.0.5,success
2026-02-21 10:06:44.559316,charlie,192.168.1.17,fail
2026-02-20 20:43:34.559316,alice,10.0.0.16,success
2026-02-21 11:50:30.559316,charlie,192.168.1.11,success
2026-02-20 21:42:23.559316,dave,192.168.1.14,fail
2026-02-21 07:39:47.559316,charlie,10.0.0.3,fail
2026-02-20 22:37:08.559316,alice,192.168.1.19,fail
2026-02-21 04:51:21.559316,alice,10.0.0.17,fail
2026-02-20 17:41:21.559316,charlie,192.168.1.12,success
2026-02-20 17:46:38.559316,charlie,10.0.0.10,success
2026-02-21 08:00:28.559316,charlie,10.0.0.11,success
2026-02-21 02:15:05.559316,charlie,192.168.1.7,success
2026-02-21 06:09:56.559316,bob,10.0.0.11,success
2026-02-21 09:48:38.559316,bob,192.168.1.5,success
2026-02-21 08:49:50.559316,dave,192.168.1.17,success
2026-02-21 06:45:11.559316,bob,192.168.1.6,fail
2026-02-20 15:08:27.559316,alice,10.0.0.6,success
2026-02-20 22:14:40.559316,dave,192.168.1.11,success
2026-02-20 20:28:20.559316,charlie,192.168.1.12,success
2026-02-21 04:10:38.559316,bob,10.0.0.14,success
2026-02-20 14:55:08.559316,bob,10.0.0.13,fail
2026-02-20 19:34:22.559316,alice,10.0.0.2,success
2026-02-21 12:27:36.559316,charlie,192.168.1.17,success
2026-02-21 04:41:24.559316,alice,192.168.1.15,success
2026-02-21 10:19:21.559316,dave,10.0.0.16,fail
2026-02-21 00:24:40.559316,dave,10.0.0.7,success
2026-02-20 23:13:51.559316,alice,10.0.0.17,success
2026-02-21 03:12:33.559316,bob,10.0.0.11,success
2026-02-21 13:26:40.559316,dave,192.168.1.2,success
2026-02-20 16:38:16.559316,alice,192.168.1.9,success
2026-02-21 04:49:12.559316,alice,10.0.0.3,success
2026-02-20 16:06:57.559316,alice,192.168.1.2,success
2026-02-21 09:59:52.559316,bob,10.0.0.19,success
2026-02-21 11:38:09.559316,alice,192.168.1.6,success
2026-02-21 05:37:03.559316,bob,10.0.0.11,success
2026-02-21 00:34:31.559316,alice,10.0.0.14,success
2026-02-21 00:56:00.559316,dave,192.168.1.12,success
2026-02-21 07:04:46.559316,alice,10.0.0.6,success
2026-02-21 09:25:34.559316,dave,10.0.0.19,fail
2026-02-20 15:39:08.559316,bob,192.168.1.13,success
2026-02-20 15:10:19.559316,alice,10.0.0.10,success
2026-02-20 19:39:51.559316,alice,10.0.0.14,success
2026-02-20 21:27:51.559316,alice,192.168.1.14,fail
2026-02-21 13:46:51.559316,bob,10.0.0.13,success
2026-02-20 17:16:22.559316,alice,10.0.0.2,success
2026-02-20 16:56:45.559316,charlie,10.0.0.13,success
2026-02-21 03:56:29.559316,charlie,192.168.1.11,success
2026-02-20 21:21:25.559316,alice,192.168.1.14,success
2026-02-20 19:27:58.559316,alice,10.0.0.14,success
2026-02-20 22:13:14.559316,bob,10.0.0.4,success
2026-02-21 14:24:13.559316,dave,10.0.0.8,success
2026-02-20 23:27:25.559316,bob,10.0.0.5,success
2026-02-21 03:05:14.559316,dave,10.0.0.11,success
2026-02-21 11:28:53.559316,dave,10.0.0.17,success
2026-02-20 15:58:11.559316,dave,10.0.0.14,success
2026-02-21 12:31:45.559316,alice,192.168.1.14,success
2026-02-21 01:50:58.559316,charlie,10.0.0.19,success
2026-02-20 19:32:21.559316,dave,10.0.0.3,success
2026-02-20 23:24:27.559316,bob,192.168.1.18,success
2026-02-21 09:35:32.559316,charlie,192.168.1.2,success
2026-02-21 04:03:53.559316,charlie,192.168.1.7,success
2026-02-20 15:21:46.559316,dave,10.0.0.7,success
2026-02-21 12:37:48.559316,bob,192.168.1.9,fail
2026-02-21 07:16:37.559316,alice,192.168.1.12,success
2026-02-21 06:24:56.559316,bob,10.0.0.4,success
2026-02-20 17:01:04.559316,dave,192.168.1.7,success
2026-02-21 08:57:30.559316,alice,192.168.1.3,success
2026-02-20 18:36:37.559316,dave,192.168.1.15,success
2026-02-20 16:26:57.559316,dave,10.0.0.4,success
2026-02-21 05:54:17.559316,charlie,192.168.1.11,success
2026-02-21 07:24:05.559316,bob,10.0.0.3,success
2026-02-21 08:24:29.559316,alice,10.0.0.3,success
2026-02-20 16:54:12.559316,bob,192.168.1.11,success
2026-02-20 17:15:42.559316,bob,192.168.1.11,success
2026-02-20 21:01:12.559316,dave,10.0.0.18,success
2026-02-21 01:11:44.559316,dave,192.168.1.12,success
2026-02-21 12:12:21.559316,alice,192.168.1.10,success
2026-02-21 10:47:10.559316,alice,10.0.0.4,success
2026-02-21 04:11:31.559316,charlie,192.168.1.7,success
2026-02-20 15:32:24.559316,dave,192.168.1.10,success
2026-02-20 16:59:02.559316,charlie,10.0.0.8,success
2026-02-21 04:19:45.559316,bob,10.0.0.11,success
2026-02-20 21:41:18.559316,dave,10.0.0.9,success
2026-02-21 08:57:40.559316,bob,192.168.1.3,success
2026-02-20 16:15:17.559316,charlie,10.0.0.19,success
2026-02-21 00:59:46.559316,dave,10.0.0.12,success
2026-02-21 01:50:31.559316,alice,192.168.1.2,success
2026-02-20 20:00:29.559316,charlie,192.168.1.4,success
2026-02-21 04:39:26.559316,alice,192.168.1.16,success
2026-02-21 11:18:55.559316,bob,192.168.1.11,success
2026-02-21 04:28:29.559316,alice,192.168.1.19,success
2026-02-20 21:07:23.559316,bob,192.168.1.6,success
2026-02-20 21:38:29.559316,charlie,192.168.1.13,fail
2026-02-21 00:59:37.559316,alice,192.168.1.10,success
2026-02-20 21:43:11.559316,dave,10.0.0.2,success
2026-02-20 22:52:00.559316,dave,10.0.0.10,success
2026-02-21 14:09:24.559316,dave,10.0.0.17,success
2026-02-21 11:04:44.559316,charlie,192.168.1.2,fail
2026-02-20 16:36:29.559316,bob,192.168.1.17,success
2026-02-21 01:42:42.559316,bob,192.168.1.12,fail
2026-02-20 15:13:35.559316,dave,192.168.1.5,success
2026-02-21 10:13:31.559316,dave,192.168.1.15,success
2026-02-20 20:10:20.559316,dave,10.0.0.6,fail
2026-02-21 08:14:00.559316,charlie,10.0.0.15,success
2026-02-21 10:35:45.559316,charlie,10.0.0.11,success
2026-02-21 12:56:35.559316,alice,192.168.1.9,success
2026-02-21 09:24:18.559316,alice,10.0.0.9,fail
2026-02-21 09:14:01.559316,bob,10.0.0.13,success
2026-02-21 12:15:21.559316,charlie,10.0.0.16,success
2026-02-20 21:03:41.559316,charlie,192.168.1.6,fail
2026-02-21 11:01:20.559316,charlie,10.0.0.4,fail
2026-02-21 08:13:27.559316,bob,192.168.1.2,success
2026-02-20 19:39:01.559316,alice,10.0.0.14,fail
2026-02-21 14:20:51.559316,dave,10.0.0.5,success
2026-02-21 04:35:39.559316,bob,192.168.1.12,fail
2026-02-21 02:20:03.559316,dave,10.0.0.16,fail
2026-02-21 13:47:54.559316,dave,10.0.0.14,fail
2026-02-20 15:38:06.559316,charlie,192.168.1.11,success
2026-02-21 12:17:45.559316,dave,192.168.1.11,success
2026-02-20 15:54:55.559316,charlie,10.0.0.3,success
2026-02-21 00:55:11.559316,dave,10.0.0.15,success
2026-02-20 23:15:49.559316,alice,10.0.0.12,success
2026-02-21 03:52:18.559316,bob,192.168.1.9,success
2026-02-21 13:54:42.559316,charlie,192.168.1.13,success
2026-02-20 23:33:27.559316,bob,192.168.1.7,fail
2026-02-21 03:44:06.559316,charlie,192.168.1.7,success
2026-02-20 21:56:08.559316,bob,192.168.1.16,success
2026-02-21 10:19:21.559316,bob,192.168.1.11,success
2026-02-21 00:53:18.559316,dave,10.0.0.5,success
2026-02-20 21:16:59.559316,bob,192.168.1.10,success
2026-02-21 00:44:31.559316,charlie,192.168.1.11,fail
2026-02-21 12:11:57.559316,dave,192.168.1.4,fail
2026-02-21 04:34:19.559316,alice,10.0.0.3,success
2026-02-21 06:25:58.559316,alice,192.168.1.7,success
2026-02-20 18:03:34.559316,alice,10.0.0.6,fail
2026-02-20 16:08:00.559316,charlie,192.168.1.2,success
2026-02-21 03:50:12.559316,alice,10.0.0.6,success
2026-02-20 16:47:31.559316,charlie,192.168.1.9,success
2026-02-20 18:15:32.559316,charlie,192.168.1.8,success
2026-02-21 12:22:47.559316,charlie,10.0.0.3,success
2026-02-21 02:12:57.559316,bob,192.168.1.11,fail
2026-02-20 15:29:13.559316,charlie,192.168.1.9,success
2026-02-21 01:06:05.559316,alice,10.0.0.3,success
2026-02-21 14:36:54.559316,bob,192.168.1.11,success
2026-02-20 23:22:23.559316,charlie,10.0.0.19,success
2026-02-20 22:02:45.559316,dave,192.168.1.5,success
2026-02-20 18:34:58.559316,charlie,192.168.1.7,success
2026-02-20 20:13:58.559316,dave,192.168.1.3,success
2026-02-21 12:34:12.559316,dave,192.168.1.6,success
2026-02-21 02:59:24.559316,alice,10.0.0.18,success
2026-02-21 06:46:41.559316,dave,10.0.0.18,success
2026-02-21 05:04:14.559316,bob,10.0.0.16,success
2026-02-20 23:42:27.559316,charlie,192.168.1.6,success
2026-02-20 16:20:04.559316,charlie,192.168.1.8,success
2026-02-21 08:20:51.559316,bob,10.0.0.11,success
2026-02-21 03:08:18.559316,charlie,192.168.1.19,success
2026-02-21 08:04:19.559316,charlie,10.0.0.6,success
2026-02-21 04:55:05.559316,charlie,192.168.1.12,success
2026-02-21 05:04:14.559316,dave,10.0.0.18,success
2026-02-20 16:37:59.559316,charlie,10.0.0.18,success
2026-02-20 17:17:35.559316,bob,10.0.0.6,success
2026-02-21 04:17:23.559316,bob,192.168.1.10,success
2026-02-21 08:59:52.559316,dave,192.168.1.7,success
2026-02-21 01:55:00.559316,alice,10.0.0.12,success
2026-02-21 08:51:18.559316,bob,10.0.0.11,success
2026-02-21 08:20:11.559316,charlie,192.168.1.12,success
2026-02-20 15:30:02.559316,bob,10.0.0.10,fail
2026-02-20 22:40:07.559316,dave,10.0.0.8,fail
2026-02-20 20:53:23.559316,alice,10.0.0.6,fail
2026-02-21 14:06:01.559316,bob,10.0.0.19,success
2026-02-21 11:09:53.559316,dave,192.168.1.16,success
2026-02-21 10:35:34.559316,bob,192.168.1.17,success
2026-02-20 20:20:29.559316,bob,192.168.1.12,success
2026-02-21 04:47:55.559316,charlie,10.0.0.5,success
2026-02-20 20:47:46.559316,alice,192.168.1.13,success
2026-02-21 04:42:00.559316,charlie,192.168.1.10,fail
2026-02-20 19:47:56.559316,alice,10.0.0.19,success
2026-02-21 02:19:34.559316,alice,10.0.0.11,success
2026-02-21 13:03:09.559316,bob,10.0.0.17,fail
2026-02-21 14:31:06.559316,bob,192.168.1.15,success
2026-02-20 19:02:29.559316,charlie,10.0.0.6,success
2026-02-21 01:41:21.559316,charlie,192.168.1.9,success
2026-02-21 07:01:54.559316,bob,10.0.0.7,success
2026-02-20 19:33:34.559316,alice,192.168.1.10,success
2026-02-21 09:59:00.559316,charlie,192.168.1.16,fail
2026-02-20 17:00:41.559316,bob,192.168.1.9,fail
2026-02-20 23:39:33.559316,dave,10.0.0.6,success
2026-02-21 06:02:02.559316,bob,10.0.0.19,success
2026-02-20 21:30:00.559316,bob,10.0.0.8,success
2026-02-21 12:12:46.559316,bob,192.168.1.18,success
2026-02-21 14:26:11.559316,dave,192.168.1.13,success
2026-02-21 06:29:45.559316,dave,192.168.1.16,success
2026-02-21 03:17:45.559316,charlie,192.168.1.10,success
2026-02-21 03:24:59.559316,bob,192.168.1.5,success
2026-02-20 22:15:44.559316,dave,10.0.0.11,success
2026-02-20 17:42:05.559316,bob,192.168.1.17,success
2026-02-21 14:03:27.559316,bob,10.0.0.5,success
2026-02-21 12:46:23.559316,dave,10.0.0.3,fail
2026-02-20 22:51:52.559316,alice,192.168.1.19,fail
2026-02-21 13:36:33.559316,alice,10.0.0.14,fail
2026-02-21 10:04:47.559316,alice,10.0.0.13,fail
2026-02-20 22:59:23.559316,bob,192.168.1.13,success
2026-02-20 15:27:47.559316,bob,10.0.0.16,success
2026-02-21 07:34:28.559316,bob,192.168.1.5,success
2026-02-21 13:19:14.559316,bob,10.0.0.7,success
2026-02-20 20:34:34.559316,bob,192.168.1.11,success
2026-02-21 08:59:24.559316,alice,192.168.1.18,fail
2026-02-20 20:54:45.559316,dave,10.0.0.18,fail
2026-02-21 03:08:53.559316,bob,10.0.0.3,fail
2026-02-20 19:26:48.559316,alice,10.0.0.14,success
2026-02-20 16:01:30.559316,bob,192.168.1.9,success
2026-02-21 11:02:04.559316,alice,192.168.1.8,success
2026-02-21 10:21:13.559316,alice,10.0.0.17,fail
2026-02-21 13:17:08.559316,charlie,192.168.1.14,fail
2026-02-21 01:38:34.559316,bob,192.168.1.4,success
2026-02-21 14:29:19.559316,alice,192.168.1.13,success
2026-02-20 22:35:23.559316,alice,10.0.0.12,fail
2026-02-21 12:33:47.559316,dave,10.0.0.10,success
2026-02-20 19:10:35.559316,charlie,10.0.0.3,fail
2026-02-21 14:03:25.559316,alice,192.168.1.18,fail
2026-02-21 11:35:22.559316,charlie,10.0.0.10,success
2026-02-21 00:45:59.559316,dave,10.0.0.5,success
2026-02-21 02:57:26.559316,alice,10.0.0.8,success
2026-02-21 01:13:11.559316,dave,192.168.1.15,success
2026-02-20 16:39:23.559316,bob,10.0.0.13,success
2026-02-21 09:44:12.559316,alice,10.0.0.10,fail
2026-02-20 15:57:11.559316,charlie,10.0.0.13,success
2026-02-21 10:09:33.559316,charlie,192.168.1.13,success
2026-02-20 22:24:06.559316,charlie,10.0.0.4,fail
2026-02-20 18:56:28.559316,charlie,192.168.1.19,success
2026-02-21 09:26:41.559316,charlie,10.0.0.11,success
2026-02-20 22:01:03.559316,bob,192.168.1.15,success
2026-02-21 01:35:45.559316,alice,192.168.1.9,fail
2026-02-21 04:16:20.559316,charlie,10.0.0.18,success
2026-02-21 13:11:28.559316,dave,10.0.0.16,success
2026-02-21 10:43:32.559316,alice,10.0.0.2,success
2026-02-21 10:20:07.559316,charlie,192.168.1.4,fail
2026-02-21 06:20:54.559316,charlie,10.0.0.12,success
2026-02-20 15:46:54.559316,alice,192.168.1.6,success
2026-02-20 22:44:31.559316,alice,10.0.0.15,fail
2026-02-21 09:05:27.559316,bob,10.0.0.10,success
2026-02-21 03:37:00.559316,dave,192.168.1.2,success
2026-02-21 01:53:38.559316,alice,192.168.1.9,success
2026-02-21 04:14:52.559316,alice,192.168.1.6,success
2026-02-21 00:07:38.559316,alice,192.168.1.7,success
2026-02-21 08:28:01.559316,dave,192.168.1.13,success
2026-02-21 05:02:07.559316,bob,192.168.1.16,success
2026-02-21 03:31:55.559316,dave,10.0.0.9,success
2026-02-21 09:44:37.559316,charlie,10.0.0.10,success
2026-02-20 15:59:43.559316,charlie,192.168.1.2,fail
2026-02-21 10:05:30.559316,alice,10.0.0.15,success
2026-02-21 07:10:02.559316,dave,10.0.0.17,success
2026-02-21 08:26:14.559316,alice,10.0.0.11,fail
2026-02-20 21:13:39.559316,bob,10.0.0.4,success
2026-02-21 10:39:56.559316,charlie,192.168.1.11,success
2026-02-21 14:04:05.559316,dave,10.0.0.7,success
2026-02-21 11:41:43.559316,dave,192.168.1.15,fail
2026-02-21 02:27:33.559316,dave,10.0.0.17,success
2026-02-21 08:23:09.559316,alice,192.168.1.15,success
2026-02-20 15:17:23.559316,alice,10.0.0.8,success
2026-02-21 11:15:05.559316,charlie,192.168.1.11,success
2026-02-20 19:41:02.559316,bob,192.168.1.10,success
2026-02-21 11:28:19.559316,bob,192.168.1.16,success
2026-02-20 23:24:31.559316,dave,10.0.0.5,success
2026-02-21 09:22:20.559316,charlie,192.168.1.3,success
2026-02-21 06:09:27.559316,bob,10.0.0.16,success
2026-02-20 22:31:21.559316,charlie,192.168.1.12,success
2026-02-20 23:16:31.559316,bob,10.0.0.3,fail
2026-02-21 06:32:32.559316,charlie,192.168.1.3,success
2026-02-20 20:04:31.559316,dave,192.168.1.9,success
2026-02-21 01:18:20.559316,charlie,10.0.0.17,success
2026-02-21 13:37:39.559316,bob,192.168.1.12,success
2026-02-20 20:59:29.559316,dave,192.168.1.11,success
2026-02-20 19:25:35.559316,alice,10.0.0.5,success
2026-02-21 07:41:09.559316,alice,192.168.1.9,fail
2026-02-20 19:33:01.559316,dave,192.168.1.12,success
